file,name,int_snr,int_snr_cc,int_snr_boxcar,boxcar_halfwidth_sigma,ew_used_A,cont_e_per_pix,cont_over_line,snr_penalty,exptime_s,nexpo,flux_in_W_m2,lambda_req_nm,fwhm_req_nm,line_centre_nm,fwhm_out_nm,dispersion_nm_pix,n_orders,orders,npix,flux_fraction,target_e,sky_e,const_var,limiting_noise,frac_var_line,frac_var_sky,frac_var_cont,frac_var_const,saturated,nonlinear,name_source,ew_is_limit,folder,folder_exptime_s,t_snr5_hr,t_snr5_cc_hr
2MASS_0314_16.out.json,2MASS 0314+16,77.36381693698793,74.2249182965907,75.20521237008442,1.7499999999999996,7.72,73.88522963094604,0.1462258208117238,1.0422890144230903,1000.0,1,8.340651974086626e-19,656.28,0.07419,656.2802759383718,0.07497763925787113,0.0053928239005927026,1,93,47,0.9999275633746839,10576.140920784224,10303.4690306057,5861.370000000001,line photons,0.3500458704365787,0.34102105979382763,0.11493524211501356,0.19399782765458007,False,False,filename,False,t1000s,1000.0,0.007243349767578436,0.007304480538275878
2MASS_0523_14.out.json,2MASS 0523-14,1.4956127555664929,1.4493301964149077,1.413713165840257,1.3499999999999996,0.34,19.381924608792524,3.5339116978990424,1.0319337575840692,1000.0,1,8.379150674384088e-21,656.28,0.079092,656.2802472376128,0.07980406331599857,0.0053928239005927026,1,93,51,0.9999485630201014,122.19044282270413,8789.309238085069,6360.21,sky,0.007514700571447527,0.5405416792694884,0.06079131219275306,0.39115230796631095,False,False,filename,False,t1000s,1000.0,2.2816612514040475,2.450538131061799
2MASS_0746_20.out.json,2MASS 0746+20,41.00096495161304,37.12121115367833,39.27021991154025,1.5999999999999996,2.36,120.13592932941296,0.6802892703957777,1.1045158193215436,1000.0,1,4.297342811536802e-19,656.28,0.105545,656.2804482382444,0.10663407798446035,0.0053928239005927026,1,93,67,0.9999346372872938,5257.027983022082,16050.193365430394,8355.57,sky,0.13939971670206386,0.425600247017925,0.21343680803661078,0.2215632282434003,False,False,filename,False,t1000s,1000.0,0.01780896779809638,0.018308727915984115
2MASS_1029_16.out.json,2MASS 1029+16,2.019067076645439,2.003264619032534,1.9043725223483436,1.4499999999999997,1.96,5.513120428462421,0.7762950979074029,1.0078883525734792,1000.0,1,1.5819763986011592e-20,656.28,0.100063,656.2804183413698,0.10105860732588401,0.0053928239005927026,1,93,64,0.999942002243043,200.36050743852735,14317.937142603223,7981.4400000000005,sky,0.008767523430922434,0.6265348944515082,0.01543982115900648,0.3492577609585629,False,False,filename,False,t1000s,1000.0,1.3451956759675479,1.367982303805018
2MASS_1048_01.out.json,2MASS 1048+01,9.499058004698709,9.007000689214498,9.021268917575606,1.4,1.08,39.464617417802955,0.978790882468458,1.054630540449878,1000.0,1,5.665001119195337e-20,656.28,0.069483,656.2801881899037,0.07021082313137186,0.0053928239005927026,1,93,44,0.9999270411957352,790.2849780045993,8178.176135802012,5487.240000000001,sky,0.04880669072171391,0.5050706067267132,0.10723985263074501,0.33888284992082796,False,False,filename,False,t1000s,1000.0,0.11538252464687253,0.12098789054593163
2MASS_1145_23.out.json,2MASS 1145+23,2.202071989052527,2.195109179494014,2.0817375396970377,1.3499999999999996,3.69,2.912111401279003,0.2599992812081477,1.0031719650318798,1000.0,1,1.671860357204467e-20,656.28,0.062884,656.2801511602888,0.06372192797941452,0.0053928239005927026,1,93,40,0.9999286606137476,199.24486090733924,11996.13084594591,6096.933333333334,sky,0.010823352489018874,0.6516522035188016,0.0063276529271169436,0.33119679106506256,False,False,filename,False,t1000s,1000.0,1.1799774406984453,1.1876331636361062
2MASS_1155_37.out.json,2MASS 1155-37,6.466591608014151,6.183981539315104,6.127435722969218,1.4499999999999997,1.0,30.000082112549865,1.239585892982568,1.045700341584517,1000.0,1,3.830010812264476e-20,656.28,0.081606,656.280264546119,0.08233168789735441,0.0053928239005927026,1,93,52,0.9999379849702873,556.2618436932327,9037.006623664558,6484.92,sky,0.03153734920470144,0.5123544548075865,0.0884446775865836,0.36766351840112843,False,False,filename,False,t1000s,1000.0,0.19401483240547843,0.20460676402180256
2MASS_1159_00.out.json,2MASS 1159+00,8.35366216190016,8.116571156971839,7.896811836480053,1.4499999999999997,3.31,19.423017381954796,0.06245499431758395,1.0292107344767956,1000.0,1,8.534930716135478e-20,656.28,0.222401,658.4483451587379,0.013730474972848225,0.005449652636116298,3,92;93;94,150,0.9999408770511906,1204.4847894927004,27827.929856303563,18706.5,sky,0.023779437266463282,0.5493905095739869,0.057518587290024764,0.36931146586952496,False,False,filename,False,t1000s,1000.0,0.13767600359219784,0.14152743487209182
2MASS_1221_02.out.json,2MASS 1221+02,37.09512960590477,35.510160282758015,35.5678265233688,1.5999999999999996,5.01,44.56090973872563,0.27096347279636646,1.044634248635491,1000.0,1,2.9867577550334906e-19,656.28,0.089352,656.2803303245686,0.09016518322992799,0.0053928239005927026,1,93,57,0.9999388835918389,4139.510535819922,10816.290111670583,7108.47,sky,0.16824377077989078,0.439610774870575,0.1032330848974186,0.2889123694521156,False,False,filename,False,t1000s,1000.0,0.02082088527685784,0.02107241663854035
2MASS_1305_25.out.json,2MASS 1305-25,4.260651236058571,4.13537136839007,4.023306160857392,1.4499999999999997,1.75,18.57155448714745,0.1253971111300167,1.0302947079012335,1000.0,1,4.103930524610162e-20,656.28,0.237415,658.4488178435549,0.014575248703342803,0.005449652636116298,3,92;93;94,161,0.9999414205598257,608.8960671696345,27500.006183712518,20078.31,sky,0.011897791989675539,0.5373484424189091,0.05842481363306795,0.3923289519583475,False,False,filename,False,t1000s,1000.0,0.3502029187264462,0.36780181233024584
2MASS_1412_16.out.json,2MASS 1412+16,5.368268236783672,5.244239011223231,5.089021722717416,1.4,1.45,17.49132856755795,0.7785528787028924,1.0236505668973146,1000.0,1,3.7256323846660314e-20,656.28,0.07419,656.2802780778125,0.0749801855817743,0.0053928239005927026,1,93,47,0.9999275318821393,470.26546616633453,10378.017062808973,5861.370000000001,sky,0.02682365428693897,0.5919557396933736,0.04689164963354058,0.3343289563861469,False,False,filename,False,t1000s,1000.0,0.25008100812125217,0.2586036883676991
2MASS_1439_19.out.json,2MASS 1439+19,28.051978595434797,27.03367267388778,26.8746634703741,1.5999999999999996,3.48,40.31940841383396,0.2504527709666698,1.0376680569388788,1000.0,1,2.124222477388699e-19,656.28,0.057008,656.2800418397898,0.05788892421386894,0.0053928239005927026,1,93,37,0.9999465670944796,2601.6804296426835,8458.30789983928,4614.27,sky,0.1515594107142618,0.492733906260535,0.08690501387764238,0.26880166914756093,False,False,filename,False,t1000s,1000.0,0.027652103787680564,0.028034344439495335
2MASS_1506_13.out.json,2MASS 1506+13,1.5708658165682245,1.5469931561276706,1.4861077173945083,1.4,0.69,10.503781510416863,1.6889416131774697,1.015431652264261,1000.0,1,1.0356189770449863e-20,656.28,0.076619,656.2802879206237,0.07740234544981762,0.0053928239005927026,1,93,49,0.999939223870048,134.3854146572445,10370.494431793653,6110.79,sky,0.007844870322614075,0.6053870072605146,0.0300452202998849,0.35672290211698643,False,False,filename,False,t1000s,1000.0,2.173384037343929,2.2477566157153714
2MASS_1555_09.out.json,2MASS 1555-09,29.787956988105858,28.116046758202444,28.595907942347157,1.65,2.45,57.521468823173365,0.3552104636285141,1.0594646268830685,1000.0,1,1.808006552110004e-19,656.28,0.057008,656.2800292541377,0.05780191524241894,0.0053928239005927026,1,93,36,0.9999190665236365,2613.031603735765,6197.08836268615,4489.56,sky,0.1700035535873128,0.4031818987742186,0.13472425950254427,0.29209028813592436,False,False,filename,False,t1000s,1000.0,0.026986390879646317,0.027519963931847947
2MASS_1645_13.out.json,2MASS 1645-13,18.947176710003113,17.804575387289027,18.08653449218756,1.4999999999999996,1.51,53.06360824389472,0.5429240016264625,1.0641745898377226,1000.0,1,1.0214097519898493e-19,656.28,0.053611,656.2799835314468,0.05445106551912582,0.0053928239005927026,1,93,34,0.9999229184734563,1485.675662454787,5791.452154549461,4240.14,sky,0.11152523467778304,0.4347470157746742,0.1354331038741328,0.3182946456734099,False,False,filename,False,t1000s,1000.0,0.04803673310562991,0.04952005928242747
2MASS_1731_27.out.json,2MASS 1731+27,76.158019737885,72.91987410851455,73.92868325236343,1.7999999999999998,5.99,98.73083179199158,0.1655473674403587,1.044406900984931,1000.0,1,9.709570065288217e-19,656.28,0.065013,656.2802030120994,0.06586269467107789,0.0053928239005927026,1,93,42,0.9999455566175367,10965.78519240768,13676.965560890216,6401.780000000001,sky,0.3116056624299951,0.3886470361086553,0.11783320569625617,0.18191409576509343,False,False,filename,False,t1000s,1000.0,0.007267883849857631,0.007324768229986132
2MASS_2057_02.out.json,2MASS 2057-02,29.417023193197394,28.39637370167053,28.006924686952324,1.4499999999999997,8.15,28.667376011251225,0.022708334559830956,1.0359429518096115,1000.0,1,3.028307694265776e-19,656.28,0.195497,658.4476274075262,0.012292303843160353,0.005449652636116298,2,92;93,130,0.9999468802573949,4332.177500110773,23781.424319663925,16212.300000000001,sky,0.09015478928514814,0.49490338251033733,0.07755572380546027,0.3373861043990543,False,False,filename,False,t1000s,1000.0,0.029485731879544695,0.029809323355152767
2MASS_2200_30.out.json,2MASS 2200-30,12.45311094505792,12.18378857902078,11.844826914268301,1.4,3.56,15.683321783300894,0.296807594879638,1.022104976977431,1000.0,1,7.066429004252058e-20,656.28,0.069483,656.2801694540576,0.07018032928875606,0.0053928239005927026,1,93,44,0.9999275246443383,1035.238310915755,7511.3328027861035,5487.240000000001,sky,0.07031016978609914,0.5101463876627766,0.04686714957680937,0.37267629297431476,False,False,filename,False,t1000s,1000.0,0.08251243811874623,0.08370849176258863
2MASS_2351_25.out.json,2MASS 2351-25,31.18430940396771,28.632555945243993,29.765145896875204,1.5499999999999998,2.76,75.73885013630303,0.7353822738042874,1.0891207010510557,1000.0,1,2.6254273189936945e-19,656.28,0.133801,656.2802644694332,0.1348070586941972,0.0053928239005927026,1,93,85,0.999939439460216,3876.01321127578,15098.456661309669,10600.35,sky,0.10762929721793175,0.41925457704961827,0.17876516288096492,0.2943509628514852,False,False,filename,False,t1000s,1000.0,0.02722021729896061,0.0279549755709366
2MASS_0314_16.out.json,2MASS 0314+16,113.6192786745105,108.62897474952514,110.73953923861518,1.8499999999999996,7.72,147.77045926189209,0.1462258208117238,1.045938976562118,2000.0,1,8.340651974086626e-19,656.28,0.07419,656.2802759383718,0.07497763925787113,0.0053928239005927026,1,93,47,0.9999275633746839,21152.28184156845,20606.9380612114,5931.870000000001,line photons,0.38714702982191873,0.3771656847179508,0.1271171619627849,0.1085701234973455,False,False,filename,False,t2000s,2000.0,0.007282329085688997,0.007344633673446537
2MASS_0523_14.out.json,2MASS 0523-14,2.374101738137868,2.2826086806834667,2.2437988286782407,1.3499999999999996,0.34,38.76384921758505,3.5339116978990424,1.0400826730523982,2000.0,1,8.379150674384088e-21,656.28,0.079092,656.2802472376128,0.07980406331599857,0.0053928239005927026,1,93,51,0.9999485630201014,244.38088564540826,17578.618476170137,6436.71,sky,0.009314479541774617,0.6700020001012894,0.07535089766430438,0.2453326226926316,False,False,filename,False,t2000s,2000.0,2.2863714723837045,2.4550265332669996
2MASS_0746_20.out.json,2MASS 0746+20,61.574816078934816,55.103846960010024,59.1093014667873,1.5999999999999996,2.36,240.27185865882592,0.6802892703957777,1.11743225701866,2000.0,1,4.297342811536802e-19,656.28,0.105545,656.2804482382444,0.10663407798446035,0.0053928239005927026,1,93,67,0.9999346372872938,10514.055966044163,32100.386730860788,8456.07,sky,0.15653201125136929,0.47790672915914933,0.2396682979524912,0.12589296163699024,False,False,filename,False,t2000s,2000.0,0.01790515906882458,0.018404660091601424
2MASS_1029_16.out.json,2MASS 1029+16,3.147535216194373,3.1176671138605885,2.970262151834273,1.4499999999999997,1.96,11.026240856924842,0.7762950979074029,1.0095802730833565,2000.0,1,1.5819763986011592e-20,656.28,0.100063,656.2804183413698,0.10105860732588401,0.0053928239005927026,1,93,64,0.999942002243043,400.7210148770547,28635.874285206446,8077.4400000000005,sky,0.010595558900895096,0.7571679083529532,0.018659035906600115,0.21357749683955166,False,False,filename,False,t2000s,2000.0,1.3477475324801051,1.3705047052944734
2MASS_1048_01.out.json,2MASS 1048+01,14.79275971416959,13.877881262128263,14.059335937878155,1.4,1.08,78.92923483560591,0.978790882468458,1.0659234961562876,2000.0,1,5.665001119195337e-20,656.28,0.069483,656.2801881899037,0.07021082313137186,0.0053928239005927026,1,93,44,0.9999270411957352,1580.5699560091987,16356.352271604024,5553.240000000001,sky,0.05861985348094963,0.6066210293311721,0.1288016941033069,0.2059574230845713,False,False,filename,False,t2000s,2000.0,0.11588429650356591,0.12148246298158583
2MASS_1145_23.out.json,2MASS 1145+23,3.4066343648297885,3.3937521376853814,3.2197510631463944,1.3499999999999996,3.69,5.824222802558006,0.2599992812081477,1.003795865644211,2000.0,1,1.671860357204467e-20,656.28,0.062884,656.2801511602888,0.06372192797941452,0.0053928239005927026,1,93,40,0.9999286606137476,398.4897218146785,23992.26169189182,6170.266666666666,sky,0.012940504323524248,0.7791216414345545,0.007565402692390764,0.20037245154953048,False,False,filename,False,t2000s,2000.0,1.182242416065698,1.1898881708954048
2MASS_1155_37.out.json,2MASS 1155-37,10.174067086056832,9.631844916055675,9.6493138404035,1.4499999999999997,1.0,60.00016422509973,1.239585892982568,1.0562947363383424,2000.0,1,3.830010812264476e-20,656.28,0.081606,656.280264546119,0.08233168789735441,0.0053928239005927026,1,93,52,0.9999379849702873,1112.5236873864653,18074.013247329116,6562.92,sky,0.0385363452043196,0.6260598507909072,0.10807295834658279,0.22733084565819023,False,False,filename,False,t2000s,2000.0,0.1947646981263653,0.2053411937400581
2MASS_1159_00.out.json,2MASS 1159+00,13.095300207654807,12.64273961124757,12.378754572266631,1.4499999999999997,3.31,38.84603476390959,0.06245499431758395,1.0357960861587798,2000.0,1,8.534930716135478e-20,656.28,0.222401,658.4483451587379,0.013730474972848225,0.005449652636116298,3,92;93;94,150,0.9999408770511906,2408.969578985401,55655.859712607125,18931.5,sky,0.02908567376471733,0.671983653433083,0.07035350948714429,0.22857716331505537,False,False,filename,False,t2000s,2000.0,0.13826093458991376,0.1421073514250653
2MASS_1221_02.out.json,2MASS 1221+02,56.13318730695218,53.40234028975299,53.97162122036603,1.5999999999999996,5.01,89.12181947745125,0.27096347279636646,1.051137216129144,2000.0,1,2.9867577550334906e-19,656.28,0.089352,656.2803303245686,0.09016518322992799,0.0053928239005927026,1,93,57,0.9999388835918389,8279.021071639843,21632.580223341167,7193.97,sky,0.19625269646749996,0.5127963999177636,0.12041914646743214,0.1705317571473043,False,False,filename,False,t2000s,2000.0,0.020933207111430433,0.021184610773077716
2MASS_1305_25.out.json,2MASS 1305-25,6.745130117314364,6.499161487848633,6.367441850100968,1.4499999999999997,1.75,37.1431089742949,0.1253971111300167,1.0378462098419334,2000.0,1,4.103930524610162e-20,656.28,0.237415,658.4488178435549,0.014575248703342803,0.005449652636116298,3,92;93;94,161,0.9999414205598257,1217.792134339269,55000.012367425035,20319.81,sky,0.01475795856839567,0.6665241800236305,0.07246983135284826,0.24624803005512572,False,False,filename,False,t2000s,2000.0,0.3513022887888494,0.3688748067298411
2MASS_1412_16.out.json,2MASS 1412+16,8.326180778877145,8.096312871904582,7.895390890810017,1.4,1.45,34.9826571351159,0.7785528787028924,1.028391677867371,2000.0,1,3.7256323846660314e-20,656.28,0.07419,656.2802780778125,0.0749801855817743,0.0053928239005927026,1,93,47,0.9999275318821393,940.5309323326691,20756.034125617945,5931.870000000001,sky,0.03213005648809055,0.7090596661938998,0.05616801258428914,0.20264226473372052,False,False,filename,False,t2000s,2000.0,0.2508837843543038,0.2593937325370765
2MASS_1439_19.out.json,2MASS 1439+19,42.23101929595528,40.50159596420658,40.549337894962235,1.5999999999999996,3.48,80.63881682766792,0.2504527709666698,1.0427001279968593,2000.0,1,2.124222477388699e-19,656.28,0.057008,656.2800418397898,0.05788892421386894,0.0053928239005927026,1,93,37,0.9999465670944796,5203.360859285367,16916.61579967856,4669.77,sky,0.17476552395741407,0.5681791641533646,0.10021152901872109,0.15684378287050024,False,False,filename,False,t2000s,2000.0,0.027794882226877416,0.028176897283886164
2MASS_1506_13.out.json,2MASS 1506+13,2.456942493083246,2.4114871920751053,2.32404697339007,1.4,0.69,21.007563020833725,1.6889416131774697,1.0188494888786972,2000.0,1,1.0356189770449863e-20,656.28,0.076619,656.2802879206237,0.07740234544981762,0.0053928239005927026,1,93,49,0.999939223870048,268.770829314489,20740.988863587307,6184.29,sky,0.009522971583148698,0.7348857316774955,0.036472212714652646,0.21911908402470312,False,False,filename,False,t2000s,2000.0,2.177430040769218,2.2517086068148284
2MASS_1555_09.out.json,2MASS 1555-09,45.207510420054156,42.3111704907865,43.516254363890376,1.65,2.45,115.04293764634673,0.3552104636285141,1.0684533161260181,2000.0,1,1.808006552110004e-19,656.28,0.057008,656.2800292541377,0.05780191524241894,0.0053928239005927026,1,93,36,0.9999190665236365,5226.06320747153,12394.1767253723,4543.56,sky,0.19866924652631532,0.4711657042003204,0.15744122142976033,0.17272382784360393,False,False,filename,False,t2000s,2000.0,0.027128743657373246,0.027662014535394644
2MASS_1645_13.out.json,2MASS 1645-13,29.133799066580035,27.08594099377595,27.868668333767932,1.5999999999999996,1.51,106.12721648778944,0.5429240016264625,1.075605941594374,2000.0,1,1.0214097519898493e-19,656.28,0.053611,656.2799835314468,0.05445106551912582,0.0053928239005927026,1,93,34,0.9999229184734563,2971.351324909574,11582.904309098922,4291.14,sky,0.13233224576118363,0.5158567843560533,0.16070055210241968,0.1911104177803434,False,False,filename,False,t2000s,2000.0,0.048278585205813206,0.04976094215028554
2MASS_1731_27.out.json,2MASS 1731+27,111.6710381507674,106.5582299470651,108.6849716206114,1.7999999999999998,5.99,197.46166358398315,0.1655473674403587,1.0479813544786,2000.0,1,9.709570065288217e-19,656.28,0.065013,656.2802030120994,0.06586269467107789,0.0053928239005927026,1,93,42,0.9999455566175367,21931.57038481536,27353.93112178043,6478.78,sky,0.342372270382713,0.4270203791945728,0.1294675515396445,0.1011397988830697,False,False,filename,False,t2000s,2000.0,0.007308036024909314,0.007364896102165567
2MASS_2057_02.out.json,2MASS 2057-02,45.32156611702474,43.47068289699211,43.2117209406873,1.4499999999999997,8.15,57.33475202250245,0.022708334559830956,1.0425777350776493,2000.0,1,3.028307694265776e-19,656.28,0.195497,658.4476274075262,0.012292303843160353,0.005449652636116298,2,92;93,130,0.9999468802573949,8664.355000221545,47562.84863932785,16407.300000000003,sky,0.10818540461475076,0.5938821787131597,0.09306657390708126,0.2048658427650083,False,False,filename,False,t2000s,2000.0,0.029644416174004852,0.029967841240590074
2MASS_2200_30.out.json,2MASS 2200-30,19.397559218789826,18.891583336576925,18.479040617323584,1.4999999999999996,3.56,31.366643566601788,0.296807594879638,1.026783137929644,2000.0,1,7.066429004252058e-20,656.28,0.069483,656.2801694540576,0.07018032928875606,0.0053928239005927026,1,93,44,0.9999275246443383,2070.47662183151,15022.665605572207,5553.240000000001,sky,0.08617465583745099,0.6252536370954717,0.05744205279479183,0.23112965427228543,False,False,filename,False,t2000s,2000.0,0.08290320472792766,0.08409835801633744
2MASS_2351_25.out.json,2MASS 2351-25,47.88462970067329,43.35396013612274,45.80470321793432,1.5499999999999998,2.76,151.47770027260606,0.7353822738042874,1.1045041687155028,2000.0,1,2.6254273189936945e-19,656.28,0.133801,656.2802644694332,0.1348070586941972,0.0053928239005927026,1,93,85,0.999939439460216,7752.02642255156,30196.913322619337,10727.85,sky,0.12594191525281703,0.49058876882958546,0.20918121343971322,0.17428810247788432,False,False,filename,False,t2000s,2000.0,0.027367016766677237,0.02810138761287525
2MASS_0314_16.out.json,2MASS 0314+16,51.153915818618664,49.345596560601884,49.51303734768422,1.7499999999999996,7.72,36.94261481547302,0.1462258208117238,1.036646010668773,500.0,1,8.340651974086626e-19,656.28,0.07419,656.2802759383718,0.07497763925787113,0.0053928239005927026,1,93,47,0.9999275633746839,5288.070460392112,5151.73451530285,5826.120000000001,read noise + dark,0.29374533518767765,0.28617205336620116,0.09644933441963996,0.32363327702648126,False,False,filename,False,t500s,500.0,0.007223778455862568,0.0072843139399988155
2MASS_0523_14.out.json,2MASS 0523-14,0.8898553790133945,0.870098123446072,0.8412185932539219,1.3499999999999996,0.34,9.690962304396262,3.5339116978990424,1.0227069281440038,500.0,1,8.379150674384088e-21,656.28,0.079092,656.2802472376128,0.07980406331599857,0.0053928239005927026,1,93,51,0.9999485630201014,61.095221411352064,4394.654619042534,6321.96,read noise + dark,0.0054201116289578615,0.38987531357894273,0.04384681665261338,0.560857758139486,False,False,filename,False,t500s,500.0,2.2793000889739883,2.448288694569361
2MASS_0746_20.out.json,2MASS 0746+20,26.18842818396941,24.11930570764185,24.995478257731552,1.5499999999999998,2.36,60.06796466470648,0.6802892703957777,1.0857869833156926,500.0,1,4.297342811536802e-19,656.28,0.105545,656.2804482382444,0.10663407798446035,0.0053928239005927026,1,93,67,0.9999346372872938,2628.513991511041,8025.096682715197,8305.32,read noise + dark,0.11436533975563275,0.34916797538632,0.1751063319564362,0.361360352901611,False,False,filename,False,t500s,500.0,0.017760657047228543,0.018260548193912016
2MASS_1029_16.out.json,2MASS 1029+16,1.2269880341172406,1.2198756330234541,1.1565142221273708,1.4499999999999997,1.96,2.7565602142312104,0.7762950979074029,1.0058304313171322,500.0,1,1.5819763986011592e-20,656.28,0.100063,656.2804183413698,0.10105860732588401,0.0053928239005927026,1,93,64,0.999942002243043,100.18025371926367,7158.9685713016115,7933.4400000000005,read noise + dark,0.0065183289185006205,0.46580548693478946,0.01147893513489489,0.5161972490118151,False,False,filename,False,t500s,500.0,1.3439166937625238,1.3667181532792976
2MASS_1048_01.out.json,2MASS 1048+01,5.780200798805033,5.554107551450752,5.483864464652264,1.4,1.08,19.732308708901478,0.978790882468458,1.0407073945291578,500.0,1,5.665001119195337e-20,656.28,0.069483,656.2801881899037,0.07021082313137186,0.0053928239005927026,1,93,44,0.9999270411957352,395.14248900229967,4089.088067901006,5454.240000000001,read noise + dark,0.03656461050983794,0.3783848022032272,0.08034110456153282,0.504709482725402,False,False,filename,False,t500s,500.0,0.11513059430337218,0.12073960530482918
2MASS_1145_23.out.json,2MASS 1145+23,1.3509350002104314,1.3477170848391626,1.277413503051771,1.3499999999999996,3.69,1.4560557006395014,0.2599992812081477,1.0023876786956758,500.0,1,1.671860357204467e-20,656.28,0.062884,656.2801511602888,0.06372192797941452,0.0053928239005927026,1,93,40,0.9999286606137476,99.62243045366962,5998.065422972955,6060.266666666666,read noise + dark,0.008154946462286646,0.4909928635437683,0.004767623608759295,0.4960845663851857,False,False,filename,False,t500s,500.0,1.1788422061758081,1.1865029494605004
2MASS_1155_37.out.json,2MASS 1155-37,3.886953315336942,3.762005639809925,3.678916145855272,1.4499999999999997,1.0,15.000041056274933,1.239585892982568,1.0332130484348052,500.0,1,3.830010812264476e-20,656.28,0.081606,656.280264546119,0.08233168789735441,0.0053928239005927026,1,93,52,0.9999379849702873,278.13092184661633,4518.503311832279,6445.92,read noise + dark,0.02313409172885283,0.37583548567354286,0.06487822647795072,0.5361521961196534,False,False,filename,False,t500s,500.0,0.1936384273687783,0.20423816573731624
2MASS_1159_00.out.json,2MASS 1159+00,5.042888471904966,4.937419497661916,4.766948599152153,1.4499999999999997,3.31,9.711508690977398,0.06245499431758395,1.0213611531880153,500.0,1,8.534930716135478e-20,656.28,0.222401,658.4483451587379,0.013730474972848225,0.005449652636116298,3,92;93;94,150,0.9999408770511906,602.2423947463502,13913.964928151781,18594.0,read noise + dark,0.017422499815947644,0.40252239549148,0.04214219055079726,0.5379129141417751,False,False,filename,False,t500s,500.0,0.13738233371289732,0.14123630349412145
2MASS_1221_02.out.json,2MASS 1221+02,23.4428702903667,22.63572481138384,22.387284408145614,1.5499999999999998,5.01,22.280454869362813,0.27096347279636646,1.0356580355039893,500.0,1,2.9867577550334906e-19,656.28,0.089352,656.2803303245686,0.09016518322992799,0.0053928239005927026,1,93,57,0.9999388835918389,2069.755267909961,5408.145055835292,7065.72,read noise + dark,0.13088445703142196,0.3419931525986405,0.08030969706542196,0.44681269330451556,False,False,filename,False,t500s,500.0,0.02076447320555129,0.021016069169003015
2MASS_1305_25.out.json,2MASS 1305-25,2.542830336791571,2.48891665470851,2.401785825449988,1.4499999999999997,1.75,9.285777243573724,0.1253971111300167,1.0216615056117155,500.0,1,4.103930524610162e-20,656.28,0.237415,658.4488178435549,0.014575248703342803,0.005449652636116298,3,92;93;94,161,0.9999414205598257,304.44803358481727,13750.003091856259,19957.56,read noise + dark,0.008574305102680821,0.38724744017614066,0.04210463404402247,0.562073620677156,False,False,filename,False,t500s,500.0,0.349651315263729,0.367263531853269
2MASS_1412_16.out.json,2MASS 1412+16,3.2827876006802303,3.2255872743475953,3.110716207995932,1.4,1.45,8.745664283778975,0.7785528787028924,1.0177333060517497,500.0,1,3.7256323846660314e-20,656.28,0.07419,656.2802780778125,0.0749801855817743,0.0053928239005927026,1,93,47,0.9999275318821393,235.13273308316727,5189.008531404486,5826.120000000001,read noise + dark,0.020163496534927963,0.44497656353817194,0.03524872505396613,0.49961121487293403,False,False,filename,False,t500s,500.0,0.24967819973978667,0.2582073127200015
2MASS_1439_19.out.json,2MASS 1439+19,17.854418845990374,17.32552608953538,17.065819949745933,1.4999999999999996,3.48,20.15970420691698,0.2504527709666698,1.0305267934561853,500.0,1,2.124222477388699e-19,656.28,0.057008,656.2800418397898,0.05788892421386894,0.0053928239005927026,1,93,37,0.9999465670944796,1300.8402148213418,4229.15394991964,4586.52,read noise + dark,0.11975598707834267,0.38933798325757996,0.06866875286679108,0.42223727679728634,False,False,filename,False,t500s,500.0,0.027580397273280797,0.027962751923839645
2MASS_1506_13.out.json,2MASS 1506+13,0.9508138781256771,0.9401647753108363,0.8996231844520285,1.4,0.69,5.251890755208431,1.6889416131774697,1.011326847266023,500.0,1,1.0356189770449863e-20,656.28,0.076619,656.2802879206237,0.07740234544981762,0.0053928239005927026,1,93,49,0.999939223870048,67.19270732862225,5185.247215896827,6074.04,read noise + dark,0.005800564271529953,0.4476283355049331,0.022215693087924156,0.5243554071356129,False,False,filename,False,t500s,500.0,2.171356251581959,2.245776162541896
2MASS_1555_09.out.json,2MASS 1555-09,18.750035664890706,17.90491255562436,17.940276610199586,1.4999999999999996,2.45,28.760734411586682,0.3552104636285141,1.0472006275730663,500.0,1,1.808006552110004e-19,656.28,0.057008,656.2800292541377,0.05780191524241894,0.0053928239005927026,1,93,36,0.9999190665236365,1306.5158018678826,3098.544181343075,4462.56,read noise + dark,0.13193122837542456,0.3128892428516179,0.10455273829915172,0.4506267904738058,False,False,filename,False,t500s,500.0,0.026914897158785193,0.027448622971620897
2MASS_1645_13.out.json,2MASS 1645-13,11.717442947516414,11.166531338907447,11.156931288787387,1.4999999999999996,1.51,26.53180412194736,0.5429240016264625,1.0493359658329557,500.0,1,1.0214097519898493e-19,656.28,0.053611,656.2799835314468,0.05445106551912582,0.0053928239005927026,1,93,34,0.9999229184734563,742.8378312273935,2895.7260772747304,4214.64,read noise + dark,0.08484450364904728,0.3307403465491636,0.10303277557809735,0.4813823742236917,False,False,filename,False,t500s,500.0,0.04791527198663438,0.04939908800220735
2MASS_1731_27.out.json,2MASS 1731+27,50.47621225246081,48.5924775437724,48.830492334578324,1.5999999999999996,5.99,49.36541589599579,0.1655473674403587,1.0387659737454533,500.0,1,9.709570065288217e-19,656.28,0.065013,656.2802030120994,0.06586269467107789,0.0053928239005927026,1,93,42,0.9999455566175367,5482.89259620384,6838.482780445108,6363.28,sky,0.2641339167999239,0.32943837765824574,0.09988183753443652,0.30654586800739386,False,False,filename,False,t500s,500.0,0.007247717679434839,0.007304614363388769
2MASS_2057_02.out.json,2MASS 2057-02,18.144023286572768,17.659715431541322,17.23936928431121,1.4499999999999997,8.15,14.333688005625612,0.022708334559830956,1.0274244427612034,500.0,1,3.028307694265776e-19,656.28,0.195497,658.4476274075262,0.012292303843160353,0.005449652636116298,2,92;93,130,0.9999468802573949,2166.0887500553863,11890.712159831963,16114.800000000001,read noise + dark,0.06761635956531978,0.3711790058770029,0.05816702305844689,0.5030376114992305,False,False,filename,False,t500s,500.0,0.029406035169844115,0.029729710832217194
2MASS_2200_30.out.json,2MASS 2200-30,7.575982248078857,7.453798939337382,7.195935163173228,1.4,3.56,7.841660891650447,0.296807594879638,1.016392085396435,500.0,1,7.066429004252058e-20,656.28,0.069483,656.2801694540576,0.07018032928875606,0.0053928239005927026,1,93,44,0.9999275246443383,517.6191554578775,3755.6664013930517,5454.240000000001,read noise + dark,0.05138904365407001,0.3728612100543049,0.034254760056356116,0.5414949862352688,False,False,filename,False,t500s,500.0,0.08231620090682935,0.08351271004775804
2MASS_2351_25.out.json,2MASS 2351-25,19.31938147944734,18.073460089683245,18.38402483700425,1.4999999999999996,2.76,37.869425068151514,0.7353822738042874,1.0689365170576992,500.0,1,2.6254273189936945e-19,656.28,0.133801,656.2802644694332,0.1348070586941972,0.0053928239005927026,1,93,85,0.999939439460216,1938.00660563789,7549.228330654834,10536.6,read noise + dark,0.08338117337150901,0.3247994689121567,0.13849062870662693,0.45332872900970733,False,False,filename,False,t500s,500.0,0.027146489416518312,0.02788144364142459
