name,designation,spt,J,ew_ha,log_lha_lbol,ew_is_limit,logratio_is_limit,is_detection,multi_epoch_lowest,teff_K,vsini_kms,vsini_is_limit,fwhm_kms,fwhm_nm,vtan_kms,chi_rb_per_A,logratio_implied_rb,rb_residual_dex
2MASS 0314+16,2MASS J03140344+1603056,L0.0,12.53,7.72,-4.69,False,False,True,False,2300,19,False,33.89041162334857,0.07418998959664021,16.8,2.5804149991616785e-06,-4.700693142014171,-0.010693142014170931
2MASS 1159+00,2MASS J11593850+0057268,L0.0,14.08,3.31,-5.06,False,False,True,False,2300,71,False,101.59409431654971,0.222401099290047,,2.5804149991616785e-06,-5.068482448574189,-0.008482448574189227
2MASS 1221+02,2MASS J12212770+0257198,L0.0,13.17,5.01,-4.88,False,False,True,True,2300,25,False,40.8166632639171,0.08935234710555498,8.1,2.5804149991616785e-06,-4.888472716482662,-0.008472716482661902
2MASS 1731+27,2MASS J17312974+2721233,L0.0,12.09,5.99,-4.8,False,False,True,True,2300,15,False,29.698484809834994,0.06501338206112747,15.8,2.5804149991616785e-06,-4.810883619960596,-0.010883619960596391
2MASS 1854+84,2MASS J18544597+8429470,L0.0,13.66,7.06,-4.73,False,False,True,False,2300,7,False,23.174123500145587,0.05073080848043064,,2.5804149991616785e-06,-4.739505741298104,-0.009505741298103665
2MASS 2200-30,2MASS J22000201-3038327,L0.0,14.36,3.56,-5.03,False,False,True,False,2300,17,False,31.740195336512972,0.06948292006547654,,2.5804149991616785e-06,-5.036860444377033,-0.006860444377032593
2MASS 0746+20,2MASS J07464256+2000321,L0.5,11.76,2.36,-5.29,False,False,True,True,2250,31,False,48.213691001623175,0.1055452873685877,21.3,2.1745957267466306e-06,-5.289709466756396,0.000290533243603619
2MASS 1412+16,2MASS J14122449+1633115,L0.5,13.89,1.45,-5.5,False,False,True,False,2250,19,False,33.89041162334857,0.07418998959664021,,2.1745957267466306e-06,-5.501253467491527,-0.001253467491527438
2MASS 1441-09,2MASS J14413716-0945590,L0.5,14.02,1.53,-5.48,True,True,False,False,2250,23,False,38.44268460968874,0.08415543614391569,,2.1745957267466306e-06,-5.477930038908904,0.0020699610910961397
2MASS 2351-25,2MASS J23515044-2537367,L0.5,12.47,2.76,-5.22,False,False,True,False,2250,41,False,61.120863868240605,0.13380056592167153,26.4,2.1745957267466306e-06,-5.221712387661285,-0.0017123876612856748
2MASS 0235-23,2MASS J02355993-2331205,L1.0,13.67,0.2,-6.44,True,True,False,False,2200,13,False,27.78920653779089,0.06083375341824445,,1.8316019178466853e-06,-6.436138914735984,0.003861085264015962
2MASS 0602+39,2MASS J06023045+3910592,L1.0,12.3,0.49,-6.05,True,True,False,False,2200,9,False,24.489997958350262,0.053611408263332994,,1.8316019178466853e-06,-6.046972830371452,0.0030271696285479877
2MASS 1022+58,2MASS J10224821+5825453,L1.0,13.5,3.32,-5.22,False,False,True,True,2200,15,False,29.698484809834994,0.06501338206112747,81.9,1.8316019178466853e-06,-5.216030826695929,0.003969173304070317
2MASS 1045-01,2MASS J10452400-0149576,L1.0,13.16,0.2,-6.44,True,True,False,True,2200,3,True,21.415881957089695,0.04688181652254515,36.6,1.8316019178466853e-06,-6.436138914735984,0.003861085264015962
2MASS 1048+01,2MASS J10484281+0111580,L1.0,12.92,1.08,-5.71,False,False,True,True,2200,17,False,31.740195336512972,0.06948292006547654,37.9,1.8316019178466853e-06,-5.703745154913016,0.006254845086983707
2MASS 1300+19,2MASS J13004255+1912354,L1.0,12.72,0.2,-6.44,True,True,False,True,2200,10,False,25.238858928247925,0.05525075062905868,97.9,1.8316019178466853e-06,-6.436138914735984,0.003861085264015962
2MASS 1359-40,2MASS J13595510-4034582,L1.0,13.65,0.2,-6.44,True,True,False,False,2200,8,False,23.8,0.05210092376640109,,1.8316019178466853e-06,-6.436138914735984,0.003861085264015962
2MASS 1439+19,2MASS J14392836+1929149,L1.0,12.76,3.48,-5.2,False,False,True,True,2200,11,False,26.041505332833584,0.05700783546673487,89.0,1.8316019178466853e-06,-5.195589666453385,0.004410333546615242
2MASS 1555-09,2MASS J15551573-0956055,L1.0,12.56,2.45,-5.35,False,False,True,True,2200,11,False,26.041505332833584,0.05700783546673487,,1.8316019178466853e-06,-5.348002826035433,0.0019971739645665565
2MASS 1145+23,2MASS J11455714+2317297,L1.5,15.39,3.69,-5.27,False,False,True,False,2140,14,False,28.725598340156466,0.0628836222380147,,1.4869231940078077e-06,-5.26068509792159,0.009314902078410014
2MASS 1334+19,2MASS J13340623+1940351,L1.5,15.47,0.2,-6.53,True,True,False,False,2140,30,False,46.95742752749558,0.10279518285194754,,1.4869231940078077e-06,-6.526681468416669,0.0033185315833312856
2MASS 1645-13,2MASS J16452211-1319516,L1.5,12.45,1.51,-5.66,False,False,True,False,2140,9,False,24.489997958350262,0.053611408263332994,,1.4869231940078077e-06,-5.6487345167874805,0.011265483212519634
2MASS 1807+50,2MASS J18071593+5015316,L1.5,12.93,3.79,-5.26,False,False,True,False,2140,76,False,108.45257027844015,0.23741508808181794,11.2,1.4869231940078077e-06,-5.249072254112578,0.010927745887421736
2MASS 2057-02,2MASS J20575409-0252302,L1.5,13.12,8.15,-4.92,False,False,True,True,2140,62,False,89.30419922937554,0.1954971124398819,5.9,1.4869231940078077e-06,-4.916553855340673,0.0034461446593265777
2MASS 0828-13,2MASS J08283419-1309198,L2.0,12.8,0.2,-6.63,True,True,False,True,2080,33,False,50.7487930890972,0.11109491596520654,,1.2004214601991712e-06,-6.619636253535576,0.010363746464423507
2MASS 0921-21,2MASS J09211410-2104446,L2.0,12.78,0.32,-6.42,True,True,False,False,2080,15,False,29.698484809834994,0.06501338206112747,57.8,1.2004214601991712e-06,-6.415516270879651,0.004483729120348556
2MASS 1155-37,2MASS J11553952-3727350,L2.0,12.81,1.0,-5.96,False,False,True,True,2080,22,False,37.27787547594417,0.08160553564477142,49.3,1.2004214601991712e-06,-5.920666249199558,0.039333750800442324
2MASS 1305-25,2MASS J13054019-2541059,L2.0,13.41,1.75,-5.69,False,False,True,False,2080,76,False,108.45257027844015,0.23741508808181794,25.7,1.2004214601991712e-06,-5.677628200513263,0.012371799486737167
2MASS 0523-14,2MASS J05233822-1403022,L2.5,13.08,0.34,-6.52,False,False,True,False,2010,21,False,36.12976612157903,0.07909219287387773,5.1,9.237313951792366e-07,-6.502975378566893,0.0170246214331069
2MASS 1029+16,2MASS J10292165+1626526,L2.5,14.29,1.96,-5.76,False,False,True,False,2010,29,False,45.70951760848062,0.10006336522346289,,9.237313951792366e-07,-5.742198224252672,0.017801775747328108
2MASS 1047-18,2MASS J10473109-1815574,L2.5,14.12,1.16,-5.99,True,True,False,False,2010,15,False,29.698484809834994,0.06501338206112747,,9.237313951792366e-07,-5.96999630638223,0.020003693617770324
2MASS 0913+18,2MASS J09130320+1841501,L3.0,15.97,0.2,-6.86,True,True,False,False,1950,34,False,52.02653169297373,0.11389203199856615,,7.259882101276194e-07,-6.8380404364156675,0.02195956358433282
2MASS 1203+00,2MASS J12035812+0015500,L3.0,14.01,1.17,-6.09,True,True,False,False,1950,39,False,58.4992307641733,0.12806151102677724,88.1,7.259882101276194e-07,-6.0708845703334875,0.019115429666512362
2MASS 1506+13,2MASS J15065441+1321060,L3.0,13.37,0.69,-6.32,False,False,True,True,1950,20,False,35.0,0.07661900553882513,74.2,7.259882101276194e-07,-6.300221341342393,0.019778658657607195
2MASS 1615+35,2MASS J16154416+3559005,L3.0,14.54,1.5,-5.98,True,True,False,False,1950,13,False,27.78920653779089,0.06083375341824445,,7.259882101276194e-07,-5.962979173023967,0.01702082697603302
2MASS 2104-10,2MASS J21041491-1037369,L3.0,13.84,1.53,-5.97,True,True,False,False,1950,27,False,43.2416465921454,0.09466091313575735,58.9,7.259882101276194e-07,-5.95437900126205,0.01562099873794942
2MASS 0036+18,2MASS J00361617+1821104,L3.5,12.47,1.09,-6.26,True,True,False,False,1880,45,False,66.40783086353596,0.1453743417358464,36.9,5.33072044783962e-07,-6.235787594087784,0.024212405912216184
2MASS 0700+31,2MASS J07003664+3157266,L3.5,12.92,1.78,-6.04,True,True,False,False,1880,41,False,61.120863868240605,0.13380056592167153,29.7,5.33072044783962e-07,-6.022794089719514,0.017205910280486236
2MASS 1705-05,2MASS J17054834-0516462,L4.0,13.31,0.2,-7.12,True,True,False,True,1820,26,False,42.02332685545017,0.09199387180278845,,3.959732879091168e-07,-7.101304114635145,0.018695885364855336
2MASS 2224-01,2MASS J22244381-0158521,L4.5,14.07,1.21,-6.48,True,True,False,False,1760,32,False,49.47767173180242,0.10831228584191831,52.8,2.8273593742199815e-07,-6.465833616269633,0.014166383730367826
2MASS 0004-40,2MASS J00043484-4044058,L5.0,13.11,0.2,-7.42,True,True,False,False,1700,42,False,62.43748873873772,0.1366828084429622,83.3,1.9204418361380631e-07,-7.415568845985986,0.0044311540140142824
2MASS 0835-08,2MASS J08354256-0819237,L5.0,13.17,0.2,-7.42,True,True,False,False,1700,23,False,38.44268460968874,0.08415543614391569,24.0,1.9204418361380631e-07,-7.415568845985986,0.0044311540140142824
2MASS 1507-16,2MASS J15074769-1627386,L5.0,12.83,0.29,-7.25,True,True,False,True,1700,32,False,49.47767173180242,0.10831228584191831,30.8,1.9204418361380631e-07,-7.254200843751011,-0.004200843751011263
2MASS 0825+21,2MASS J08251968+2115521,L7.5,15.1,0.2,-8.18,True,True,False,False,1500,19,False,33.89041162334857,0.07418998959664021,38.2,3.127074882856841e-08,-8.20383172308601,-0.023831723086010115
2MASS 0255-47,2MASS J02550357-4700509,L8.0,13.25,0.2,-8.28,True,True,False,False,1480,67,False,96.12200580512248,0.2104220712910189,28.6,2.458832832094149e-08,-8.30824100083802,-0.028241000838020724
