ID,ra,dec,pmRA,pmDEC,plx,Tmag,Jmag,Vmag,TWOMASS,GAIA,objType,typeSrc
307956653,256.826281024968,64.6592186016891,227.253,-94.5699,55.363,15.4925,12.539,,17071830+6439331,1.6321135183789942e+18,STAR,tmgaia2
78772202,143.353444865978,-43.8932693148991,,,,13.7508,11.535,,09332510-4353384,5.424690587034891e+18,STAR,tmgaia2
69850453,77.5837107233977,27.2338432369888,-216.0,-629.0,,13.2005,10.698,17.8,05102012+2714032,3.421840993510952e+18,STAR,tmgaia2
7975441,133.400669838841,-3.49227814900325,-516.877,-199.414,115.304,14.3811,11.212,18.84,08533619-0329321,5.761985432616501e+18,STAR,tmgaia2
365006789,164.1205,7.0148,-3848.0,-2731.0,,9.28,7.085,13.5,10562886+0700527,,STAR,2mass
125835702,216.077896116859,-35.2427571909762,,,,14.1128,11.842,,14241870-3514325,6.119528334597735e+18,STAR,tmgaia2
17970570,170.678232279566,37.9301020085137,248.142,12.8847,56.5217,13.3852,11.284,17.25,11224274+3755484,7.639736686230225e+17,STAR,tmgaia2
201688405,300.556020873134,-54.4321968953269,61.1326,-365.0,55.3026,13.8444,11.621,,20021341-5425558,6.473160651658069e+18,STAR,tmgaia2
273369281,340.497368359846,-75.0091828666886,-76.0066,217.115,80.4417,12.4134,10.429,16.04,22415937-7500329,6.381623044470173e+18,STAR,tmgaia2
389051009,333.460271196529,-63.7027804847492,115.671,170.395,72.0956,13.0324,10.923,16.7,22135048-6342100,6.405457982659104e+18,STAR,tmgaia2
281542064,6.84770631647567,-54.0294585803138,401.507,37.9166,41.1135,14.7467,12.363,18.13,00272343-5401461,4.923251780829182e+18,STAR,tmgaia2
117733581,68.8172327499403,-16.1158661383188,172.0,309.0,,12.8441,10.406,,04351612-1606574,3.171631420210205e+18,STAR,tmgaia2
248223026,194.769921881505,-43.6067468400586,1095.0,-274.0,,13.2891,10.534,15.0,12590470-4336243,6.135947032490329e+18,STAR,tmgaia2
232970271,198.599337731567,66.3757676071045,-395.765,60.7495,55.4765,13.5116,11.429,17.16,13142389+6622328,1.6784896475278323e+18,STAR,tmgaia2
220429097,72.9055650497195,-58.3144561359275,-171.886,-692.573,57.1474,14.0127,11.691,16.13,04513734-5818519,4.774420478143249e+18,STAR,tmgaia2
366567664,127.635680280748,9.78763845602795,-482.91,-462.94,,14.4526,11.89,19.1,08303256+0947153,5.998915555460671e+17,STAR,tmgaia2
1001036250,209.172765255338,43.7164398878679,-452.512,38.4644,50.0407,14.3457,,,,1.502523188143833e+18,STAR,gaia2
29780677,65.0526829043216,-70.099522068918,214.0,604.0,,13.2324,11.192,15.68,04201249-7005594,4.654435618927744e+18,STAR,tmgaia2
1053225430,212.999629015889,-41.5394611504458,-712.62,-58.5372,111.029,12.027,,,,6.109949904687425e+18,STAR,gaia2
111898820,266.669412397159,-32.2345840234368,205.391,102.975,82.9169,12.4058,10.35,15.6,17464063-3214045,4.0555794640645586e+18,STAR,tmgaia2
436924555,43.3347924225964,27.2259538183659,377.18,115.54,,14.9326,12.496,,02532028+2713332,1.162976512684183e+17,STAR,tmgaia2
187092382,59.333182716491,41.128499370539,-194.0,-23.0,,13.0384,10.903,17.35,03571999+4107426,2.3017176845714074e+17,STAR,tmgaia2
49306639,101.671180593613,-21.8378051322277,-195.568,-50.251,59.9638,13.2818,11.22,16.73,06464109-2150161,2.9260332674026604e+18,STAR,tmgaia2
71678774,90.7259826677204,-9.25103781138808,116.437,-594.362,65.4589,13.0344,10.981,17.13,06025422-0915030,3.005440443830196e+18,STAR,tmgaia2
17992447,171.020361223203,38.1348413274319,125.458,-8.97374,54.1348,15.7313,12.713,,11240487+3808054,7.640726933892515e+17,STAR,tmgaia2
63781635,34.2917450718719,35.4423755623737,548.448,-260.265,96.7195,12.1194,9.983,15.98,02170993+3526330,3.2794432812664986e+17,STAR,tmgaia2
298907057,70.0969838864066,-5.50225809093252,333.113,128.15,102.464,13.173,10.658,,04402325-0530082,3.200303384927513e+18,STAR,tmgaia2
203225829,135.098112217957,21.8346939440755,-515.662,-592.061,156.758,11.7396,9.436,16.2,09002359+2150054,6.851039128570726e+17,STAR,tmgaia2
277539431,163.814180601184,-73.9360254225987,137.0,-178.0,,13.0013,10.63,17.1,10551532-7356091,5.225863906515478e+18,STAR,tmgaia2
808442168,129.509048326252,-58.9328887196021,-61.8187,-317.829,90.0357,12.9205,,,,5.302788969813884e+18,STAR,gaia2
461654150,121.858617661366,32.2194641192085,-372.99,-253.657,52.9698,14.7217,12.168,19.38,08072607+3213101,9.019414528292506e+17,STAR,tmgaia2
405503787,224.473884549694,56.6567967314957,280.183,-646.678,87.2193,12.0777,10.207,16.02,14575374+5639242,1.6128018335874982e+18,STAR,tmgaia2
3664898,127.455636742914,26.7760074390162,-1113.74,-612.371,279.29,10.4956,8.235,14.74,08294949+2646348,7.037900442528507e+17,STAR,tmgaia2
406479664,53.5443714653941,-21.5095421199338,146.17,4.13,,14.1366,11.915,,03341065-2130343,5.100356956302641e+18,STAR,tmgaia2
22535327,107.754095055836,-38.4129850646995,373.628,-782.781,62.95,13.0943,11.086,16.7,07110095-3824460,5.565156633450986e+18,STAR,tmgaia2
320524973,264.971643989763,55.5463436471931,,,,14.4588,12.155,,17395323+5532417,1.421042126620559e+18,STAR,tmgaia2
31381302,88.3602205142272,-71.5638308422149,12.11,397.047,87.5608,12.4884,10.345,16.0,05532643-7133502,4.656782698309778e+18,STAR,tmgaia2
1881309133,298.477008816333,44.4142615467844,441.562,-434.241,213.133,10.1066,,,,2.07907392861282e+18,STAR,gaia2
942944661,160.672340356688,-24.2678059644125,40.787,156.582,96.1493,12.662,,,,5.471345889049823e+18,STAR,gaia2
176287658,1.67998845411303,-7.5380623171699,-811.48,-1892.9,206.213,10.2531,8.323,,00064325-0732147,2441630500517079808,STAR,tmgaia2
121013320,286.700312769181,40.1857207854263,438.346,-179.978,59.571,16.2992,13.078,,19064801+4011089,2100693797539808896,STAR,tmgaia2
371080717,108.516420084278,37.0460875312372,-88.0,-176.0,,14.5158,11.976,19.7,07140394+3702459,898275195732381440,STAR,tmgaia2
426959594,9.0670583853668,18.3528029938392,918.0,137.0,,15.9261,12.466,,00361617+1821104,2794735086363871360,STAR,tmgaia2
423319208,140.762363702561,-23.0115433641917,-6.43039,3.09348,,11.8082,10.903,12.576,09230296-2300415,5674971525503692160,STAR,tmgaia2
286447344,72.2693169040128,51.6447718793492,-30.0,-379.0,,14.2214,11.822,19.02,04490464+5138412,260343119139306240,STAR,tmgaia2
35025268,48.5519522543735,28.67765485286,311.276,-750.47,66.9947,13.0239,10.993,16.73,03141241+2840411,121843656638575872,STAR,tmgaia2
278335977,324.570733275914,52.9552255402888,218.562,26.9263,54.7953,14.115,11.845,18.62,21381698+5257188,2173367633501430272,STAR,tmgaia2
138860476,178.177535962902,24.6355301961875,-468.517,37.7997,45.4084,16.0973,13.027,,11524266+2438079,4004600401251919488,STAR,tmgaia2
125529556,144.847145542673,29.724198748306,-430.135,-79.3057,50.5727,14.2011,11.984,18.22,09392335+2943271,696501553469122304,STAR,tmgaia2
311088146,219.534457259688,64.1434170156746,643.752,-206.268,58.7,16.1678,12.985,,14380829+6408363,1668664785283445760,STAR,tmgaia2
452882423,2.88258351611491,59.1444121685158,-905.704,-1166.81,107.421,11.9278,9.945,15.87,00113182+5908400,423027104407576576,STAR,tmgaia2
257870150,43.2537138886032,16.8812894655107,3429.53,-3806.16,261.015,10.565,8.394,15.13,02530084+1652532,35227046884571776,STAR,tmgaia2
347994537,64.967129112832,42.5584367122582,543.0,-1439.0,,13.7695,11.094,18.97,04195212+4233304,229155579195699456,STAR,tmgaia2
4609881,348.977110030553,-6.46289833013818,315.543,-44.6305,59.4126,13.2175,11.111,16.94,23155449-0627462,2631857350835259392,STAR,tmgaia2
12774230,337.226453639775,-13.4220718519676,-328.102,-1044.81,91.8949,13.0892,10.768,17.39,22285440-1325178,2601148128510120576,STAR,tmgaia2
356700988,254.515872610643,70.450475841636,-142.0,-316.0,,16.6426,13.288,,16580380+7027015,1649407285800074240,STAR,tmgaia2
237091400,231.103163753321,29.4254281753835,-56.779,-629.036,76.4976,13.5524,11.206,18.65,15242475+2925318,1272178319624018816,STAR,tmgaia2
381983159,283.949463145163,-69.2374800801262,458.964,-693.19,86.1196,12.6336,10.466,16.41,18554792-6914153,6421389047155380352,STAR,tmgaia2
316993844,279.887854911909,29.8712137097252,77.0,-215.0,,13.3428,11.011,17.93,18393308+2952164,4587614930058979584,STAR,tmgaia2
401945077,57.7501981106468,-0.879246830830049,-8.44,-446.35,,13.6154,11.302,17.2,03510004-0052452,3257243312560240000,STAR,tmgaia2
165231308,178.914733494813,-37.4598627976295,43.08,-790.911,84.5693,16.1114,12.811,,11553952-3727350,3460806448649173504,STAR,tmgaia2
357237802,155.700926239737,58.4292763403802,-810.78,-736.956,54.3331,16.7731,13.499,,10224821+5825453,1047188004010109440,STAR,tmgaia2
32704517,86.0480125795803,-24.5506977120416,183.426,-678.315,48.4871,15.1153,12.532,,05441150-2433018,2915187925218983296,STAR,tmgaia2
313007938,137.804034657882,74.0189258794206,-191.054,-154.319,40.0842,15.7752,12.921,,09111297+7401081,1123855296251645824,STAR,tmgaia2
270511002,135.8373,5.6707,-52.0,-377.0,,12.883,10.766,16.63,09032096+0540145,,STAR,2mass
58998044,104.870069163517,19.3488494370567,909.014,-894.576,129.002,11.2469,9.16,,06592868+1920577,3365063724883180288,STAR,tmgaia2
121204333,128.127012336498,-1.57737383334971,159.582,-471.98,49.09,14.2072,12.035,18.61,08323047-0134380,3073118648694573312,STAR,tmgaia2
336209523,281.328672187,38.8901726692273,201.021,353.913,54.8906,14.7072,12.214,19.46,18451889+3853248,2098118397710725248,STAR,tmgaia2
308243298,46.5473923236405,-36.7984465713839,2.0,-569.0,,14.4462,11.69,15.94,03061159-3647528,5047423236725995136,STAR,tmgaia2
399044334,187.438791393279,7.87721876563308,-441.0,51.0,,14.1885,12.064,18.44,12294530+0752379,3901165013100805248,STAR,tmgaia2
98664371,185.96698899968,-8.97875048700669,-231.606,-275.779,52.261,14.0284,11.856,18.34,12235208-0858432,3582675080520660992,STAR,tmgaia2
175516858,45.526485025226,-39.8477528302774,-546.501,-644.228,70.1016,12.5308,10.705,15.958,03020638-3950516,5044297634405581696,STAR,tmgaia2
159508739,246.859490436883,81.0869797853328,,,,16.1068,13.027,,16272794+8105075,1710380123298255232,STAR,tmgaia2
167670065,216.366595758765,-36.839792012577,-283.863,-469.283,84.5181,17.6136,13.747,,14252798-3650229,6118581861234228352,STAR,tmgaia2
38141631,170.83185110578,-5.15133038850005,-27.3596,-161.294,46.7521,13.9394,11.793,18.27,11231964-0509045,3786550031235785344,STAR,tmgaia2
326160197,188.071355917037,-68.9339576737253,,,,15.1074,12.423,,12321772-6856005,5856405272135505024,STAR,tmgaia2
189640779,144.231881158728,-26.1617520633768,36.4666,-27.2335,54.043,14.7778,12.265,,09365564-2609422,5661194163772723072,STAR,tmgaia2
154383758,217.657466547475,59.7235630688848,-809.0,160.0,,13.094,10.79,18.37,14303787+5943249,1618010323247026560,STAR,tmgaia2
405981059,193.800590839002,-59.4714206577533,24.7012,-386.606,57.9215,13.2655,11.154,17.7,12551214-5928172,6056881391901174528,STAR,tmgaia2
318801864,110.013380135982,-8.78105451924543,,,,13.7981,10.628,,07200325-0846499,3048443305671969152,STAR,gaia2
128325971,117.818313124895,-25.5119561690271,-878.992,145.964,56.5689,16.4057,13.161,,07511645-2530432,5602408602804816768,STAR,tmgaia2
380544811,173.728894945387,0.381700542470218,393.166,-329.377,40.8403,15.5077,12.853,,11345493+0022541,3797370909280252160,STAR,tmgaia2
452811808,72.8085961877895,3.09124697136283,259.394,29.2443,39.7742,15.2041,12.734,,04511406+0305285,3233120164884973824,STAR,tmgaia2
408413037,357.664815275774,8.10657339554653,373.782,285.875,47.2862,14.4575,12.271,19.36,23503956+0806237,2758618568934035456,STAR,tmgaia2
380532990,140.30878252285,-21.0790062129193,245.937,-911.604,79.3129,16.0533,12.779,17.14,09211410-2104446,5676353096222033792,STAR,tmgaia2
104123038,264.174194342785,-34.4294964081818,-122.505,-146.839,53.0824,13.6542,11.429,,17364180-3425459,4053559111471124608,STAR,tmgaia2
316627328,52.703711082084,54.2319889950008,-152.168,-3.73849,95.2922,12.1755,10.173,16.2,03304890+5413551,445100418805396608,STAR,tmgaia2
28053247,12.8966117848468,-22.9085874471577,620.864,-280.659,65.0831,12.8553,10.904,15.2,00513516-2254307,2349206343359507584,STAR,tmgaia2
44568897,145.874937316214,-38.5655801870879,-122.0,-163.0,,13.0764,10.901,16.6,09432994-3833560,5432670704985289088,STAR,tmgaia2
14436662,124.741737464336,23.5643173104211,-261.55,-328.82,,14.5224,12.175,18.89,08185804+2333522,677439114220735616,STAR,tmgaia2
171648455,159.036315459929,19.3918483947202,228.988,-382.123,57.8008,13.4627,11.304,17.47,10360869+1923314,3987041475434695936,STAR,tmgaia2
377040202,147.342634717631,8.11253029316403,39.5376,-894.92,60.5022,15.2584,12.305,,09492223+0806450,3853943806185777664,STAR,tmgaia2
71028960,153.02702405788,-30.8239837823649,-142.737,36.8836,44.119,14.5737,12.223,,10120649-3049263,5461814875584141056,STAR,tmgaia2
452922110,121.488098934433,4.28433439788592,-206.0,-2.0,,13.9817,11.882,17.69,08055713+0417035,3094447525008511488,STAR,tmgaia2
156691155,216.394441399732,25.6680665981794,-52.0,-14.0,,13.2646,11.083,17.52,14253465+2540050,1256071505067560704,STAR,tmgaia2
146159736,232.588048722471,-53.7097103084021,20.2931,-43.4398,,15.1496,12.662,,15302112-5342348,5888509602928271488,STAR,tmgaia2
230741378,312.364310647353,33.6141570442682,-203.0,-412.0,,13.7314,11.501,17.8,20492745+3336512,1869054868256849920,STAR,tmgaia2
16227031,115.278282022534,17.6458115860785,-200.0,-504.0,,14.3302,12.011,19.27,07410681+1738459,671143035762692352,STAR,tmgaia2
193974787,230.254375947939,50.8896649408858,53.9276,-172.631,61.9989,14.5635,12.014,19.61,15210103+5053230,1595520568815311744,STAR,tmgaia2
286963145,217.180113621051,33.177568266834,-346.76,-710.107,90.9962,15.0997,11.99,19.53,14284323+3310391,1287312100751643776,STAR,tmgaia2
364981864,163.947260041888,8.14525914259855,-329.775,-138.182,53.3382,15.553,12.55,,10554733+0808427,3865934633321490048,STAR,tmgaia2
902237947,170.454883683954,-13.2190913238615,-472.248,-46.2605,69.4903,14.8828,,,,3562157781229213312,STAR,gaia2
471016474,353.793592352535,-2.38905966331422,781.668,-841.422,139.31,11.2788,9.148,15.2,23351050-0223214,2640434056928150400,STAR,tmgaia2
349987823,154.361656024456,7.32385947625017,-164.972,-95.56,41.1422,14.8629,12.504,,10172680+0719260,3873864513044635648,STAR,tmgaia2
248350761,17.463356242999,-3.72399674153187,368.88,8.54,,14.8184,11.694,19.53,01095117-0343264,2531195858721613056,STAR,tmgaia2
34309473,62.3412235975764,-6.08882371279933,,,,15.1133,12.745,18.41,04092184-0605185,3197207916098620544,STAR,gaia2
86019856,139.062525096926,21.6641961115675,-200.281,-43.2781,48.8137,16.2473,13.223,,09161504+2139512,638510247908168576,STAR,tmgaia2
407882514,282.211514928137,-82.2462113176211,,,,13.8838,11.482,,18485108-8214422,6359521108406068992,STAR,tmgaia2
67808251,64.4061877084734,-8.00011485401335,463.0,37.0,,14.6201,12.182,,04173745-0800007,3192982561632526208,STAR,tmgaia2
459751104,163.616153945526,-54.5256692998756,-149.654,178.44,40.8137,14.7358,12.322,,10542786-5431322,5353308264949689728,STAR,tmgaia2
308773845,151.633112346105,-16.8906415811571,-317.426,191.481,49.8335,14.4471,12.036,,10063197-1653266,5673602319993218560,STAR,tmgaia2
311188315,225.284114344615,22.8338922307961,-44.0,-57.0,,14.9639,11.866,,15010818+2250020,1262763648230973440,STAR,tmgaia2
23997017,238.184333155702,-26.3861022077865,533.73,-694.3,,12.4679,10.258,16.58,15524460-2623134,6235533167875990272,STAR,tmgaia2
139471770,35.6986150596921,-27.5430859567697,-194.176,-133.323,58.7963,14.512,12.053,,02224767-2732349,5116817882319879936,STAR,tmgaia2
291108374,178.469479197865,6.99896060349387,314.696,-894.431,67.1826,13.5748,11.256,18.73,11535267+0659561,3899128064731508736,STAR,tmgaia2
387191562,303.840274371442,-56.7656093024803,-70.0,-247.0,,15.0595,12.512,,20152158-5645550,6468714845110882048,STAR,tmgaia2
365064283,201.878937218366,1.8273388411463,-173.2,3.81,,14.7615,12.454,19.55,13273095+0149384,3711482627195848576,STAR,tmgaia2
445064836,130.333870614989,59.4973457803631,-260.421,-1279.61,105.386,11.576,9.615,15.18,08412013+5929505,1040827088726734976,STAR,tmgaia2
388903843,83.8387318616272,-9.51847870484354,343.893,-230.67,52.1754,14.0857,11.821,,05352131-0931067,3013672487388307456,STAR,tmgaia2
334937178,186.217441475253,-12.6432523181961,-304.577,-188.971,58.1118,15.674,12.571,,12245222-1238352,3576327737332306688,STAR,tmgaia2
416670281,52.1443492850553,11.4976922377085,541.798,256.268,55.908,15.288,12.463,,03283463+1129515,16386404041502592,STAR,tmgaia2
304392811,352.84062180767,-27.8304668221005,86.0,750.0,,14.0767,11.646,19.3,23312174-2749500,2331849006126794880,STAR,tmgaia2
204721469,185.98411918527,-27.9629160026327,-1257.98,308.274,47.5722,14.129,11.977,18.74,12235633-2757468,3474993275382942208,STAR,tmgaia2
289113766,115.080715276815,-17.4127529972532,1152.39,-536.548,109.054,12.3016,10.155,,07401922-1724449,5717278911884264576,STAR,tmgaia2
43213934,214.942428601374,31.6192757513119,104.214,-21.2865,52.6479,13.8158,11.696,17.51,14194617+3137094,1477762323724646272,STAR,tmgaia2
301501433,166.579059851057,4.47574077279243,-349.439,372.211,46.891,14.7135,12.329,,11061897+0428327,3815413929451499904,STAR,tmgaia2
57984826,5.12253487232816,33.0851188211303,1075.53,-863.656,81.6314,12.3728,10.284,15.9,00202922+3305081,2863419584886542080,STAR,tmgaia2
390531051,189.901819323134,-26.9697119548037,-585.409,-188.445,91.1052,11.9306,10.042,15.324,12393641-2658111,3496355755520065408,STAR,tmgaia2
270470901,135.52877994747,0.555427241026705,-462.0,-104.0,,14.4057,12.106,18.5,09020690+0033195,576506489410890752,STAR,tmgaia2
198555502,237.777524721527,64.9513179172288,-226.876,10.0059,43.6378,15.5761,12.887,,15510662+6457047,1641189157936120704,STAR,tmgaia2
281706120,162.178395268573,1.19950596086311,-440.006,-231.468,66.4589,16.1646,12.924,,10484281+0111580,3808159454810609280,STAR,tmgaia2
175241416,130.123665326098,18.4024240588343,-810.287,-448.989,73.7602,13.326,11.053,18.17,08402975+1824091,659464504288593536,STAR,tmgaia2
143029977,54.8968160952369,-35.4288192945425,322.0,276.0,,13.8971,10.725,,03393521-3525440,4860376345833699840,STAR,tmgaia2
142944290,52.8761119519272,-30.7107895551518,43.0,-402.0,,13.8414,11.36,,03313025-3042383,5055805741577757824,STAR,tmgaia2
212324934,309.84925428742,-29.4429643380737,319.693,-737.301,55.6791,13.7711,11.357,17.84,20392378-2926335,6798222846275675520,STAR,tmgaia2
926898,127.142380501753,-13.1555116785661,-581.562,27.5379,85.5438,16.0815,12.803,,08283419-1309198,5723739672264914176,STAR,tmgaia2
180724005,15.7127122266603,-37.6288254585148,1470.13,251.188,87.8684,13.5527,11.13,15.63,01025100-3737438,4989399774745144448,STAR,tmgaia2
293520468,142.843002502587,-17.295090162857,-367.199,-152.132,72.1829,13.5359,11.073,17.85,09312228-1717425,5682008056323530368,STAR,gaia2
320207059,294.966693664485,-57.8427321509098,75.1664,114.238,46.961,14.6605,12.245,,19395199-5750339,6448329418495400960,STAR,tmgaia2
427580418,54.9709569301071,24.9573238591658,,,,15.76,12.841,20.13,03395284+2457273,68553214259082240,STAR,gaia2
202408306,210.842882441892,30.1318437062388,-802.534,38.954,50.484,15.53,12.684,19.99,14032232+3007547,1454104436971779328,STAR,tmgaia2
1206384476,248.45445497798,-68.1467259904448,-218.766,-314.769,65.6717,13.802,,,,5809399363316632064,STAR,gaia2
174821904,90.626948423832,39.1829406638552,156.89,-506.282,85.614,15.6513,12.3,,06023045+3910592,3457493517036545280,STAR,tmgaia2
30101427,206.691832524207,-31.8237747094879,-337.5,162.48,,13.1743,10.975,17.44,13464607-3149258,6171593062022433920,STAR,tmgaia2
165945176,195.030963476976,30.6490746889634,-326.717,388.778,48.4148,13.9153,11.89,17.66,13000747+3038560,1464745617881550208,STAR,tmgaia2
229104558,17.2578412442222,-51.0133889819459,,,,15.1357,12.228,,01090150-5100494,4928644747924606848,STAR,tmgaia2
348769612,58.6925123978239,24.2735044322006,-283.0,-221.0,,12.7814,10.585,16.33,03544620+2416246,65829792677145344,STAR,tmgaia2
156746159,275.367324186427,14.2335685454059,227.324,-246.409,106.874,17.216,13.431,,18212815+1414010,4485574134969389312,STAR,tmgaia2
149565536,195.177115975213,19.2096111646043,-810.521,-1248.53,71.6755,15.8919,12.717,,13004255+1912354,3941342198772052352,STAR,tmgaia2
442929628,80.9092660842022,-14.0505580386069,107.254,160.897,78.3632,16.491,13.084,,05233822-1403022,2985035874544160384,STAR,tmgaia2
415839928,197.341045948603,-23.509992432035,22.0,-369.0,,14.341,11.785,,13092185-2330350,3504014060164255104,STAR,tmgaia2
219066411,251.631394930915,34.582014076226,-389.0,-388.0,,12.6605,10.533,16.69,16463154+3434554,1326893351115617024,STAR,tmgaia2
229115214,17.947984176273,-49.1358144565345,-285.0,-447.0,,13.7022,11.538,17.6,01114752-4908087,4929042942932181888,STAR,tmgaia2
459972249,75.0875531778096,3.51391064260341,10.2027,-351.69,76.2093,17.5052,13.669,,05002100+0330501,3238449635184620672,STAR,tmgaia2
5630425,178.928514624616,-22.4163551052755,-367.0,-182.0,,13.3412,10.93,,11554286-2224586,3493736924979792768,STAR,tmgaia2
306114021,87.8546004459464,55.1891197311834,-23.8876,-225.428,50.8186,13.9664,11.738,,05512511+5511208,265201384281320448,STAR,tmgaia2
60987924,29.5655006510136,18.1202508390589,-88.2001,86.7773,50.8431,14.0288,11.968,18.15,01581572+1807128,91196316201965184,STAR,tmgaia2
209066156,209.840132682075,-56.6090269464357,,,,15.0105,12.601,,13592210-5636318,5872178694156653440,STAR,tmgaia2
29959288,42.1708289087182,-16.8561424426106,-33.2961,-289.527,44.5509,15.0942,12.551,,02484100-1651216,5156623295621846016,STAR,tmgaia2
219095664,269.31421578055,70.7003124551735,4.0,331.0,,13.8831,11.452,18.84,17571539+7042011,1638180413086979840,STAR,tmgaia2
161640200,215.380901659388,18.4612495224339,-753.54,-164.42,52.6729,16.4915,13.231,,14213145+1827407,1239625559894563968,STAR,tmgaia2
434261118,64.1781682848794,13.1828575855445,-40.3712,-197.919,48.106,13.9894,11.811,18.45,04164276+1310587,3310480909661217664,STAR,tmgaia2
469392302,307.299838265796,57.8421268583905,21.4293,-327.294,55.8821,13.4664,11.364,17.228,20291194+5750317,2188222203084317184,STAR,tmgaia2
13270128,36.3596077220533,62.4994631214529,258.374,-225.769,48.5285,14.3861,12.049,19.33,02252626+6229583,513688675702458880,STAR,tmgaia2
1819197568,280.290131270061,-43.792702146564,-1.76096,-3.47399,0.289856,18.7307,,19.7151,,6709964738673253888,STAR,gaia2
441706467,215.760811170254,51.7751468061374,350.0,193.0,,14.144,11.885,18.73,14230252+5146303,1604901876901703168,STAR,tmgaia2
298554585,271.81640707694,50.2587872409162,24.4926,-136.91,68.3317,16.2814,12.934,,18071593+5015316,2123161836615550848,STAR,tmgaia2
287840802,84.347177488631,-8.26844250814358,5.60458,-421.694,42.9304,14.4588,12.299,19.0,05372332-0816055,3015584160150844416,STAR,tmgaia2
321695100,262.872577187863,27.3558697462211,188.23,-117.16,,15.2896,12.094,,17312974+2721233,4595127343251508992,STAR,tmgaia2
441000085,226.067482385081,-23.9324343654185,-348.0,-76.0,,14.4542,12.011,,15041621-2355564,6227871564690336512,STAR,tmgaia2
87378424,79.222856410152,56.6720293662977,135.0,-414.0,,13.372,11.166,17.46,05165345+5640195,279844370905734144,STAR,tmgaia2
22913463,235.123390319897,-26.2284897845668,-1152.0,-1156.0,,13.9686,11.646,16.0,15402966-2613422,6234648404610590208,STAR,tmgaia2
170804009,69.8919347126854,-32.5976577047306,-101.527,9.71076,49.5873,13.7409,11.605,18.25,04393407-3235516,4871414343064541824,STAR,tmgaia2
87302025,78.8789256248174,59.188203036869,120.0,-1012.0,,13.5981,11.32,18.44,05153094+5911184,281261607033049472,STAR,tmgaia2
148673115,169.877562407015,46.6952996503484,305.0,-605.0,,12.1087,10.087,16.3,11193058+4641437,788357434913891712,STAR,tmgaia2
60983539,140.570342061664,-8.86961986598319,30.3843,-89.4758,48.0071,13.8596,11.835,17.87,09221688-0852105,5744451451968477952,STAR,tmgaia2
53603145,103.082346330123,-25.5806850363168,-235.503,88.1546,62.4449,15.9418,12.759,,06521977-2534505,2920995300823950720,STAR,tmgaia2
157955474,280.842194009693,40.6726080343259,-121.23,588.37,,13.6923,11.313,18.0,18432213+4040209,2098514324976071424,STAR,tmgaia2
71581249,90.5072146793323,-10.0324011508882,-41.0146,-93.9679,45.6368,14.1224,11.991,18.47,06020172-1001565,2999321180586629120,STAR,tmgaia2
114742401,131.869757016695,-15.543715885019,132.701,-199.746,56.9235,16.933,13.513,,08472872-1532372,5733429157137237760,STAR,tmgaia2
3723412,245.268668241538,-37.1937561414586,-68.2552,-312.732,41.7574,14.9269,12.566,,16210447-3711373,6021535941318934912,STAR,tmgaia2
176935123,100.613116833192,-67.1221573532265,697.703,-408.949,74.1265,12.4744,10.615,15.73,06422703-6707193,5280389615847484416,STAR,tmgaia2
270218775,351.860202889134,-17.6924379403796,44.3183,-563.46,54.3305,13.8763,11.752,,23272645-1741329,2393563872239260928,STAR,tmgaia2
291872745,106.196030545974,2.97056419703819,-57.0,-179.0,,14.9054,12.531,19.1,07044706+0258139,3116021729853781376,STAR,tmgaia2
90452897,128.428118127601,-53.6097802703408,,,,14.3784,12.021,,08334323-5336417,5321049521489667328,STAR,tmgaia2
317021872,336.686046526923,-75.0617639914283,,,,14.9945,12.353,,22264440-7503425,6357834388848708224,STAR,tmgaia2
377172800,185.365471309071,2.95549210147112,-145.35,-43.5027,53.9501,16.3396,13.169,,12212770+0257198,3701479918946381184,STAR,tmgaia2
1042982,154.144453488447,27.8635625220758,-175.648,-461.334,49.4994,14.4178,11.987,18.58,10163470+2751497,740931340878555904,STAR,tmgaia2
160421026,234.934417165106,74.6245239133205,,,,15.6793,12.931,,15394442+7437273,1697766388465292800,STAR,tmgaia2
285002767,162.829136095684,56.2190759668329,-227.091,-315.828,63.9956,16.5697,13.244,,10511900+5613086,851053031037729408,STAR,tmgaia2
394356010,43.4372259489787,-79.9866559419386,,,,13.4635,11.336,17.325,02534448-7959133,4620448786799883136,STAR,tmgaia2
62892848,161.349924052258,-1.83271291143364,-507.705,-10.2373,58.6576,16.4359,13.16,,10452400-0149576,3802665122192531712,STAR,tmgaia2
201467079,92.6876654503839,-33.772892888726,669.104,531.455,58.4761,13.4905,11.519,17.18,06104503-3346226,2886691573123995520,STAR,tmgaia2
24108819,241.640811029944,40.9061204704987,-716.217,162.944,63.4206,13.2266,11.05,17.65,16063390+4054216,1380293091823646720,STAR,tmgaia2
1220362,71.4745680426933,-30.8057330316969,161.482,-419.678,61.9685,16.7389,13.393,,04455387-3048204,4878035808244168832,STAR,tmgaia2
32422219,27.1609760702121,-30.4109992233588,-82.39,46.71,,14.7992,12.302,,01483864-3024396,5022239300847947136,STAR,tmgaia2
70555405,33.783718792838,-30.6669828372583,727.0,-377.0,,14.0658,11.617,,02150802-3040011,4971892010576979840,STAR,tmgaia2
100907328,31.808489740855,-37.3639560239223,422.99,117.92,,14.8531,12.439,16.83,02071403-3721502,4967628688601251200,STAR,tmgaia2
79611981,53.9987486438072,-44.5127014638041,745.286,-373.673,272.245,9.47068,7.523,12.7,03355969-4430453,4848140361962951552,STAR,tmgaia2
161662947,221.071624250377,30.0372630362269,-105.0,-335.0,,14.1349,11.671,18.99,14441717+3002145,1282632682337912832,STAR,tmgaia2
229876034,224.602212041419,28.6660510324494,-112.115,-437.877,41.1852,15.7591,13.083,,14582453+2839580,1269789664970320512,STAR,tmgaia2
616102138,6.73471483074681,-54.4813333390897,349.512,-192.606,43.5915,15.3365,,,,4923179694098110848,STAR,gaia2
257841489,37.1768410891911,16.6591626829198,400.324,-430.72,46.0458,16.328,13.166,,02284243+1639329,82493612948013824,STAR,tmgaia2
118590684,53.9108800745724,-8.48963310934584,1524.0,-329.0,,12.5186,10.377,15.84,03353849-0829223,5165286828773802880,STAR,tmgaia2
278199738,110.998326707728,-80.2549072092304,-412.0,714.0,,13.3978,11.301,17.33,07235966-8015179,5207997014358306816,STAR,tmgaia2
354687625,6.3167667772671,54.3818870511697,-335.0,-369.0,,13.9972,11.775,18.95,00251602+5422547,419624356438705152,STAR,tmgaia2
197614720,327.880799134662,-40.2897526089701,397.18,-269.28,,13.74,11.448,,21513137-4017229,6572811211549713792,STAR,tmgaia2
420130591,291.067940656182,75.5532899109209,369.642,592.374,94.0738,11.8694,9.908,15.75,19241634+7533121,2289304297045379456,STAR,tmgaia2
